ISBN,Similarity
0553153277,0.8567438546490916
0786817879,0.8459543449069634
0786808012,0.8459543449069634
059042243X,0.8455553424131979
0140324623,0.8449568386725494
0786808551,0.8400000000000001
0786819146,0.8398004987531174
0786814934,0.8396009975062345
0816704651,0.8373004987531172
0786851473,0.8348951151532933
