Title,ISBN,Similarity
Angelas Ashes: A Memoir,068487217X,0.8333333333333333
Angela's Ashes: A Memoir,068484267X,0.8333333333333333
Young Wives,0061097667,0.75
ANGELA'S ASHES,0684843137,0.7498004987531173
ANGELA'S ASHES,0684874350,0.7497007481296759
Tis: A Memoir,0684865742,0.6428571428571428
Tis : A Memoir,0684848783,0.6428571428571428
Tis: A Memoir,0743200985,0.6428571428571428
FIRST WIVES CLUB,0671797050,0.6105126073704628
FIRST WIVES CLUB,0671746936,0.6104128567470213
