Title,ISBN,Similarity
The Emperor of Ocean Park (Vintage Contemporaries (Paperback)),0375712925,0.6763708376118527
The Smoke Jumper,0385334036,0.6537464032227125
The Beach House,0446612545,0.6537464032227125
The Lake House,0316603287,0.5768233262996355
The Lake House,0446615145,0.5767235756761941
The Midnight Club,0446606383,0.5766238250527528
Violets Are Blue,0446611212,0.5
2nd Chance,0316693200,0.5
Four Blind Mice,0316693006,0.5
1st to Die: A Novel,0446610038,0.5
