ISBN,Similarity
0586071105,0.8164671654197839
0345339967,0.8158686616791355
034531798X,0.8149856128908499
0345308999,0.8147861116439671
0345309006,0.813687210545066
0553275720,0.7996009975062345
0345315715,0.7994014962593516
0345311965,0.7994014962593516
0553286285,0.7992019950124689
0061054097,0.7992019950124689
