ISBN,Similarity
0395977894,0.6578947368421053
0915811006,0.6420591378696117
0060012781,0.5909090909090908
0060934913,0.5
1582341338,0.5
1582341028,0.49990024937655864
158234082X,0.49990024937655864
0618334661,0.49990024937655864
0451201515,0.34285714285714286
0425109283,0.31071210861734555
