Title,ISBN,Similarity
Angelas Ashes: A Memoir,068487217X,0.9
Angela's Ashes: A Memoir,068484267X,0.9
Young Wives,0061097667,0.8666666666666667
ANGELA'S ASHES,0684843137,0.8662676641729011
ANGELA'S ASHES,0684874350,0.8660681629260183
Tis: A Memoir,0743200985,0.8333333333333334
Tis : A Memoir,0684848783,0.8333333333333334
Tis: A Memoir,0684865742,0.8333333333333334
FIRST WIVES CLUB,0671797050,0.8238029925187034
FIRST WIVES CLUB,0671746936,0.8236034912718205
