ISBN,Similarity
0345439244,0.7662284193362747
0399141294,0.7449552691697331
0684833778,0.7142466588945593
0890876789,0.65
0890876517,0.649850374064838
0890877033,0.6497007481296758
0684859300,0.6497007481296758
0684859769,0.6495511221945137
0684859777,0.6494014962593517
0345433491,0.45803408146300917
