ISBN,Similarity
0140186832,0.9160681629260183
0142437344,0.9157689110556941
0553214047,0.8967518703241896
0451525442,0.8966022443890276
0140042210,0.8963029925187033
0140622306,0.8888114130258769
0486280500,0.8234147585581502
1853260487,0.7264864624153902
0140622179,0.7179059296203935
0679600116,0.6492518703241895
