ISBN,Similarity
0060391448,0.8385758642609163
0140071814,0.8272008014152652
0060745908,0.807884455527847
0525945121,0.6966452458597097
0060988649,0.6932569674714313
006039384X,0.6931073415362693
0618219153,0.6903265645410284
0060987529,0.6877670407315046
0060393823,0.65
0449910857,0.65
