ISBN,Similarity
080410753X,0.7306694801457894
0679748083,0.6998004987531172
0345457374,0.6996009975062344
0671740504,0.5588235294117647
0671511424,0.5587237787883234
0393039242,0.5
039592684X,0.5
0749399570,0.5
080411109X,0.5
067972768X,0.5
