ISBN,Similarity
0312853238,0.8482905982905984
0812522397,0.8481409723554363
0812550757,0.8479913464202742
0812550706,0.8479913464202742
0812532570,0.8478417204851121
0812533550,0.84769209454995
0812565959,0.8475424686147879
0765342294,0.8473928426796258
0812520157,0.8325578909868186
0312876513,0.7946364857088049
