ISBN,Similarity
0586071105,0.6966452458597097
0345339967,0.6961963680542234
034531798X,0.6931073415362693
0345308999,0.6929577156011072
0345309006,0.6900273126707042
0553275720,0.6497007481296758
0345311965,0.6495511221945137
0345315715,0.6495511221945137
0061054097,0.6494014962593517
0553286285,0.6494014962593517
