ISBN,Similarity
080410753X,0.7952349894494533
0679748083,0.7747007481296758
0345457374,0.7744014962593516
0671740504,0.6856617647058824
0671511424,0.6855121387707204
0749399570,0.65
080411109X,0.65
067972768X,0.65
0393039242,0.65
039592684X,0.65
