ISBN,Similarity
2070381315,0.7528844555278471
2070362361,0.7263368364802281
2070360105,0.710662233305625
2070360423,0.704706415778735
2070380599,0.7003086979520896
2070725804,0.6497007481296758
8807812576,0.6495511221945137
0394702239,0.6494014962593517
880781210X,0.6494014962593517
0394700023,0.6492518703241895
