ISBN,Similarity
006091646X,0.7485987412421329
0345304225,0.7417493032125568
0553564943,0.7380952380952381
0345350480,0.7336720399957045
0345350588,0.7335224140605425
0345354931,0.7335224140605425
0345352467,0.7335224140605425
0345349369,0.7335224140605425
0345317718,0.7134985292187488
0553270540,0.7111111111111111
