Title,ISBN,Similarity
The Lovely Bones,0316168815,0.8567438546490916
Priestess Of Avalon,0451458621,0.8250000000000001
The Firebrand: A Novel,0451459245,0.8248004987531172
Die Akte. Roman.,345307565X,0.8248004987531172
Priestess of Avalon,0670910236,0.8248004987531172
Die Jury. Roman.,3453061187,0.8248004987531172
Lady of Avalon,0451456521,0.8246009975062345
Lady of Avalon,0140241930,0.8246009975062345
Lady of Avalon,0670857831,0.8244014962593518
Mists of Avalon,0345333853,0.8234039900249377
