ISBN,Similarity
0374129983,0.7380952380952381
034543241X,0.737945612160076
0312984294,0.737945612160076
0312421273,0.7266360883505523
0743206371,0.7266360883505523
0743204077,0.7266360883505523
0312420145,0.65
0374173273,0.649850374064838
3498020862,0.649850374064838
055326382X,0.6494014962593517
