ISBN,Similarity
080410753X,0.8598004987531173
0679748083,0.8496009975062344
0345457374,0.8492019950124688
0671740504,0.8125
0671511424,0.8123004987531173
0393039242,0.8
0749399570,0.8
039592684X,0.8
067972768X,0.8
080411109X,0.8
