Title,ISBN,Similarity
The Emperor of Ocean Park (Vintage Contemporaries (Paperback)),0375712925,0.8426576416102601
The Beach House,0446612545,0.8361641351167537
The Smoke Jumper,0385334036,0.8361641351167537
The Lake House,0316603287,0.8164671654197839
The Lake House,0446615145,0.8162676641729012
The Midnight Club,0446606383,0.8160681629260184
Suzanne's Diary for Nicholas,0446679593,0.8
2nd Chance,0316693200,0.8
Violets Are Blue,0446611212,0.8
Four Blind Mice,0316693006,0.8
