ISBN,Similarity
0743216458,0.88625
0743464117,0.8861003740648379
0446613843,0.6855121387707204
0684848015,0.6747322816148036
0446612545,0.65
0446613266,0.65
0446605484,0.65
0316666009,0.4
0316602906,0.4
0743203399,0.4
