ISBN,Similarity
2070381315,0.8394014962593517
2070362361,0.8279729248307803
2070360105,0.8216237184815739
2070360423,0.8190024937655861
2070380599,0.8175833144411699
2070725804,0.7996009975062345
8807812576,0.7994014962593516
0394702239,0.7992019950124689
880781210X,0.7992019950124689
0394700023,0.7990024937655861
