ISBN,Similarity
0375712925,0.7595142396110564
0385334036,0.7449552691697331
0446612545,0.7449552691697331
0316603287,0.6966452458597097
0446615145,0.6964956199245477
0446606383,0.6963459939893856
0316693200,0.65
0446611212,0.65
0316693006,0.65
0446679593,0.4
