ISBN,Similarity
0380803232,0.8888114130258769
0380795280,0.8662177888611804
0380720868,0.7001590720169273
0380720884,0.649850374064838
0380720876,0.6495511221945137
0553561189,0.6491022443890274
0553277839,0.6485037406483791
0440228921,0.42500000000000004
0440484332,0.4223067331670823
0440407079,0.42155860349127183
