ISBN,Similarity
0553153277,0.7220227209753394
0786808012,0.6874002493765586
0786817879,0.6874002493765586
059042243X,0.6872007481296758
0140324623,0.6869014962593516
0786808551,0.6666666666666667
0786819146,0.6665669160432253
0786814934,0.6664671654197839
0816704651,0.6577949862186638
0786851473,0.6498004987531172
