ISBN,Similarity
0439064864,0.8517045454545455
0439420105,0.8514052935842213
0439425220,0.8384262383257544
2070524558,0.775
0439136350,0.7668269230769231
0439139597,0.7668269230769231
043936213X,0.766677297141761
0590353403,0.766677297141761
0439136369,0.766677297141761
0439139600,0.7665276712065989
