ISBN,Similarity
0586071105,0.5768233262996355
0345339967,0.5765240744293113
034531798X,0.5712290701816887
0345308999,0.5711293195582473
0345309006,0.5663674147963424
0553275720,0.4998004987531172
0345315715,0.4997007481296758
0345311965,0.4997007481296758
0061054097,0.49960099750623443
0553286285,0.49960099750623443
