ISBN,Similarity
0395977894,0.8375
0915811006,0.831737323358271
0060012781,0.8200000000000001
1582341338,0.8
0060934913,0.8
158234082X,0.7998004987531173
1582341028,0.7998004987531173
0618334661,0.7998004987531173
0451201515,0.43333333333333335
0425109283,0.42420199501246886
