ISBN,Similarity
068487217X,0.8666666666666667
068484267X,0.8666666666666667
0061097667,0.8083333333333333
0684843137,0.8080340814630091
0684874350,0.807884455527847
0743200985,0.7380952380952381
0684865742,0.7380952380952381
0684848783,0.7380952380952381
0671797050,0.7171577999445831
0671746936,0.717008174009421
