ISBN,Similarity
2070381315,0.6663674147963425
2070362361,0.6247007481296758
2070360105,0.5997007481296759
2070360423,0.5904103377918839
2070380599,0.5830340814630092
2070725804,0.4998004987531172
8807812576,0.4997007481296758
0394702239,0.49960099750623443
880781210X,0.49960099750623443
0394700023,0.499501246882793
