ISBN,Similarity
0395977894,0.7476973684210526
0915811006,0.7368982306139413
0060012781,0.7054545454545454
1582341338,0.65
0060934913,0.65
1582341028,0.649850374064838
158234082X,0.649850374064838
0618334661,0.649850374064838
0451201515,0.3880952380952381
0425109283,0.3674570518149072
