ISBN,Similarity
0553153277,0.7893832878122156
0786817879,0.766677297141761
0786808012,0.766677297141761
059042243X,0.7663780452714368
0140324623,0.7659291674659505
0786808551,0.7533333333333334
0786819146,0.7531837073981713
0786814934,0.7530340814630092
0816704651,0.7475477424858905
0786851473,0.7423478069532052
